
INSERT INTO ttb.incident_initiator (incident_initiator_id, incident_initiator_name) VALUES (0, 'КСУПТ');

INSERT INTO ttb.incident_handler (incident_handler_id, incident_handler_name, incident_handler_comment) VALUES (3, 'event-manager-booked', 'Вызов серверной функции');
INSERT INTO ttb.incident_handler (incident_handler_id, incident_handler_name, incident_handler_comment) VALUES (4, 'tt_oper_changes', 'Обработка изменений в расписании graph-linker ');
INSERT INTO ttb.incident_handler (incident_handler_id, incident_handler_name, incident_handler_comment) VALUES (1, 'sensors-saver', 'Сохранение в БД');
INSERT INTO ttb.incident_handler (incident_handler_id, incident_handler_name, incident_handler_comment) VALUES (2, 'incidents_ribbon', 'Отображение в ленте инцидентов');

INSERT INTO ttb.incident_type (incident_type_id, incident_type_name, incident_type_short_name, is_alarm) VALUES (1, 'Нажата тревожная кнопка', 'SOS', false);
INSERT INTO ttb.incident_type (incident_type_id, incident_type_name, incident_type_short_name, is_alarm) VALUES (2, 'Превышена скорость', 'Скор.', false);
INSERT INTO ttb.incident_type (incident_type_id, incident_type_name, incident_type_short_name, is_alarm) VALUES (3, 'Отклонение от траектории', 'Отк.', false);
INSERT INTO ttb.incident_type (incident_type_id, incident_type_name, incident_type_short_name, is_alarm) VALUES (4, 'Движение автономным ходом', 'САХ', false);
INSERT INTO ttb.incident_type (incident_type_id, incident_type_name, incident_type_short_name, is_alarm) VALUES (5, 'Движение задним ходом', 'ДЗХ', false);
INSERT INTO ttb.incident_type (incident_type_id, incident_type_name, incident_type_short_name, is_alarm) VALUES (6, 'Срабатывание противопожарного датчика', 'ИПК', false);
INSERT INTO ttb.incident_type (incident_type_id, incident_type_name, incident_type_short_name, is_alarm) VALUES (7, 'Сигнал с камеры отсутствует', 'СКО', false);
INSERT INTO ttb.incident_type (incident_type_id, incident_type_name, incident_type_short_name, is_alarm) VALUES (8, 'Жесткий диск переполнен', 'ЖДП', false);
INSERT INTO ttb.incident_type (incident_type_id, incident_type_name, incident_type_short_name, is_alarm) VALUES (9, 'Жесткий диск отсутствует', 'ЖДО', false);
INSERT INTO ttb.incident_type (incident_type_id, incident_type_name, incident_type_short_name, is_alarm) VALUES (10, 'Сигнал со всех камер отсутствует', 'СВКО', false);
INSERT INTO ttb.incident_type (incident_type_id, incident_type_name, incident_type_short_name, is_alarm) VALUES (11, 'Вентилятор жесткого диска не работает', 'ВЖДНР', false);
INSERT INTO ttb.incident_type (incident_type_id, incident_type_name, incident_type_short_name, is_alarm) VALUES (12, 'Температура диска выше допустимого значения', 'ТДВДЗ', false);
INSERT INTO ttb.incident_type (incident_type_id, incident_type_name, incident_type_short_name, is_alarm) VALUES (13, 'Сбой жесткого диска', 'СЖД', false);
INSERT INTO ttb.incident_type (incident_type_id, incident_type_name, incident_type_short_name, is_alarm) VALUES (14, 'Невалидное количество подряд идущих пакетов блока', 'НКПИПБ', false);
INSERT INTO ttb.incident_type (incident_type_id, incident_type_name, incident_type_short_name, is_alarm) VALUES (15, 'Невалидное отношение пакетов блока', 'НОПБ', false);
INSERT INTO ttb.incident_type (incident_type_id, incident_type_name, incident_type_short_name, is_alarm) VALUES (16, 'Превышено время ожидания пакетов блока', 'ПВОПБ', false);
INSERT INTO ttb.incident_type (incident_type_id, incident_type_name, incident_type_short_name, is_alarm) VALUES (17, 'Восстановление валидного состояния блока', 'OK', false);
INSERT INTO ttb.incident_type (incident_type_id, incident_type_name, incident_type_short_name, is_alarm) VALUES (18, 'Нарушение расписания', 'НАРРАСП', false);
INSERT INTO ttb.incident_type (incident_type_id, incident_type_name, incident_type_short_name, is_alarm) VALUES (19, 'Изменение расписания', 'ИЗМРАСП', false);
INSERT INTO ttb.incident_type (incident_type_id, incident_type_name, incident_type_short_name, is_alarm) VALUES (20, 'Нарушение интервальности', 'НАРИНТ', false);
INSERT INTO ttb.incident_type (incident_type_id, incident_type_name, incident_type_short_name, is_alarm) VALUES (21, 'Запрос голосовой связи', 'ЗАПГОЛСВЯ', false);
INSERT INTO ttb.incident_type (incident_type_id, incident_type_name, incident_type_short_name, is_alarm) VALUES (22, 'Получено сообщение', 'СООБЩ', false);
INSERT INTO ttb.incident_type (incident_type_id, incident_type_name, incident_type_short_name, is_alarm) VALUES (23, 'Сход ТС', 'СХОД', true);
INSERT INTO ttb.incident_type (incident_type_id, incident_type_name, incident_type_short_name, is_alarm) VALUES (24, 'Ручной ввод', 'РУЧ', false);
INSERT INTO ttb.incident_type (incident_type_id, incident_type_name, incident_type_short_name, is_alarm) VALUES (25, 'Пачкообразование по ОП', 'ПАЧКАОП', false);
INSERT INTO ttb.incident_type (incident_type_id, incident_type_name, incident_type_short_name, is_alarm) VALUES (26, 'Опоздание из парка', 'ОПОЗДПАРК', false);
INSERT INTO ttb.incident_type (incident_type_id, incident_type_name, incident_type_short_name, is_alarm) VALUES (27, 'Ошибка при выравнивании интервалов', 'ОШВЫР', false);
INSERT INTO ttb.incident_type (incident_type_id, incident_type_name, incident_type_short_name, is_alarm) VALUES (28, 'Недовыпуск', 'НЕДОВЫ', false);
INSERT INTO ttb.incident_type (incident_type_id, incident_type_name, incident_type_short_name, is_alarm) VALUES (29, 'Отклонение времени начала/окончания рейса превышает допустимое значение', 'ОТКЛНАЧРЕЙС', false);

INSERT INTO ttb.incident_action (incident_action_id, incident_type_id, incident_handler_id) VALUES (1, 1, 1);
INSERT INTO ttb.incident_action (incident_action_id, incident_type_id, incident_handler_id) VALUES (2, 2, 1);
INSERT INTO ttb.incident_action (incident_action_id, incident_type_id, incident_handler_id) VALUES (14, 2, 2);
INSERT INTO ttb.incident_action (incident_action_id, incident_type_id, incident_handler_id) VALUES (3, 3, 1);
INSERT INTO ttb.incident_action (incident_action_id, incident_type_id, incident_handler_id) VALUES (4, 4, 1);
INSERT INTO ttb.incident_action (incident_action_id, incident_type_id, incident_handler_id) VALUES (17, 4, 2);
INSERT INTO ttb.incident_action (incident_action_id, incident_type_id, incident_handler_id) VALUES (5, 5, 1);
INSERT INTO ttb.incident_action (incident_action_id, incident_type_id, incident_handler_id) VALUES (6, 6, 1);
INSERT INTO ttb.incident_action (incident_action_id, incident_type_id, incident_handler_id) VALUES (7, 7, 1);
INSERT INTO ttb.incident_action (incident_action_id, incident_type_id, incident_handler_id) VALUES (8, 8, 1);
INSERT INTO ttb.incident_action (incident_action_id, incident_type_id, incident_handler_id) VALUES (9, 9, 1);
INSERT INTO ttb.incident_action (incident_action_id, incident_type_id, incident_handler_id) VALUES (10, 10, 1);
INSERT INTO ttb.incident_action (incident_action_id, incident_type_id, incident_handler_id) VALUES (11, 11, 1);
INSERT INTO ttb.incident_action (incident_action_id, incident_type_id, incident_handler_id) VALUES (12, 12, 1);
INSERT INTO ttb.incident_action (incident_action_id, incident_type_id, incident_handler_id) VALUES (13, 13, 1);
INSERT INTO ttb.incident_action (incident_action_id, incident_type_id, incident_handler_id) VALUES (22, 13, 3);
INSERT INTO ttb.incident_action (incident_action_id, incident_type_id, incident_handler_id) VALUES (23, 14, 3);
INSERT INTO ttb.incident_action (incident_action_id, incident_type_id, incident_handler_id) VALUES (15, 14, 1);
INSERT INTO ttb.incident_action (incident_action_id, incident_type_id, incident_handler_id) VALUES (24, 15, 3);
INSERT INTO ttb.incident_action (incident_action_id, incident_type_id, incident_handler_id) VALUES (18, 15, 1);
INSERT INTO ttb.incident_action (incident_action_id, incident_type_id, incident_handler_id) VALUES (19, 16, 1);
INSERT INTO ttb.incident_action (incident_action_id, incident_type_id, incident_handler_id) VALUES (21, 16, 3);
INSERT INTO ttb.incident_action (incident_action_id, incident_type_id, incident_handler_id) VALUES (20, 17, 1);
INSERT INTO ttb.incident_action (incident_action_id, incident_type_id, incident_handler_id) VALUES (28, 18, 2);
INSERT INTO ttb.incident_action (incident_action_id, incident_type_id, incident_handler_id) VALUES (25, 18, 1);
INSERT INTO ttb.incident_action (incident_action_id, incident_type_id, incident_handler_id) VALUES (29, 19, 4);
INSERT INTO ttb.incident_action (incident_action_id, incident_type_id, incident_handler_id) VALUES (27, 19, 2);
INSERT INTO ttb.incident_action (incident_action_id, incident_type_id, incident_handler_id) VALUES (26, 19, 1);
INSERT INTO ttb.incident_action (incident_action_id, incident_type_id, incident_handler_id) VALUES (31, 20, 2);
INSERT INTO ttb.incident_action (incident_action_id, incident_type_id, incident_handler_id) VALUES (30, 20, 1);
INSERT INTO ttb.incident_action (incident_action_id, incident_type_id, incident_handler_id) VALUES (32, 21, 2);
INSERT INTO ttb.incident_action (incident_action_id, incident_type_id, incident_handler_id) VALUES (33, 22, 2);
INSERT INTO ttb.incident_action (incident_action_id, incident_type_id, incident_handler_id) VALUES (34, 23, 2);
INSERT INTO ttb.incident_action (incident_action_id, incident_type_id, incident_handler_id) VALUES (35, 23, 1);
INSERT INTO ttb.incident_action (incident_action_id, incident_type_id, incident_handler_id) VALUES (37, 24, 2);
INSERT INTO ttb.incident_action (incident_action_id, incident_type_id, incident_handler_id) VALUES (36, 24, 1);
INSERT INTO ttb.incident_action (incident_action_id, incident_type_id, incident_handler_id) VALUES (38, 25, 1);
INSERT INTO ttb.incident_action (incident_action_id, incident_type_id, incident_handler_id) VALUES (39, 25, 2);
INSERT INTO ttb.incident_action (incident_action_id, incident_type_id, incident_handler_id) VALUES (41, 26, 2);
INSERT INTO ttb.incident_action (incident_action_id, incident_type_id, incident_handler_id) VALUES (40, 26, 1);
INSERT INTO ttb.incident_action (incident_action_id, incident_type_id, incident_handler_id) VALUES (42, 27, 2);
INSERT INTO ttb.incident_action (incident_action_id, incident_type_id, incident_handler_id) VALUES (43, 28, 1);
INSERT INTO ttb.incident_action (incident_action_id, incident_type_id, incident_handler_id) VALUES (44, 28, 2);
INSERT INTO ttb.incident_action (incident_action_id, incident_type_id, incident_handler_id) VALUES (46, 29, 2);
INSERT INTO ttb.incident_action (incident_action_id, incident_type_id, incident_handler_id) VALUES (45, 29, 1);


INSERT INTO ttb.incident_reason_item (incident_reason_item_id, name) VALUES (1, 'Сильный ветер');
INSERT INTO ttb.incident_reason_item (incident_reason_item_id, name) VALUES (2, 'Возврат');
INSERT INTO ttb.incident_reason_item (incident_reason_item_id, name) VALUES (3, 'ТО-1');
INSERT INTO ttb.incident_reason_item (incident_reason_item_id, name) VALUES (4, 'Обесточение района (подстанция)');
INSERT INTO ttb.incident_reason_item (incident_reason_item_id, name) VALUES (5, 'Повреждение ТС и оборудования: по стихийным причинам из-за ухудшения погодных условий');
INSERT INTO ttb.incident_reason_item (incident_reason_item_id, name) VALUES (6, 'ЧП с пешеходом');
INSERT INTO ttb.incident_reason_item (incident_reason_item_id, name) VALUES (7, 'Обстрел троллейбуса');
INSERT INTO ttb.incident_reason_item (incident_reason_item_id, name) VALUES (8, 'Обстрел автобуса');
INSERT INTO ttb.incident_reason_item (incident_reason_item_id, name) VALUES (9, 'Короткое замыкание в контактной сети');
INSERT INTO ttb.incident_reason_item (incident_reason_item_id, name) VALUES (10, 'Помеха');
INSERT INTO ttb.incident_reason_item (incident_reason_item_id, name) VALUES (11, 'Повреждение контактной сети (обрыв)');
INSERT INTO ttb.incident_reason_item (incident_reason_item_id, name) VALUES (12, 'ЧП с пассажиром');
INSERT INTO ttb.incident_reason_item (incident_reason_item_id, name) VALUES (13, 'Нарушение ДИ в эксплуатации ТС');
INSERT INTO ttb.incident_reason_item (incident_reason_item_id, name) VALUES (14, 'Неудовлетворительное состояние проезжей части');
INSERT INTO ttb.incident_reason_item (incident_reason_item_id, name) VALUES (15, 'Наезд на пешехода');
INSERT INTO ttb.incident_reason_item (incident_reason_item_id, name) VALUES (16, 'Отказ в работе бортового оборудования');
INSERT INTO ttb.incident_reason_item (incident_reason_item_id, name) VALUES (17, 'ДТП Троллейбус с автомобилем');
INSERT INTO ttb.incident_reason_item (incident_reason_item_id, name) VALUES (18, 'Скопление воды');
INSERT INTO ttb.incident_reason_item (incident_reason_item_id, name) VALUES (19, 'Техника');
INSERT INTO ttb.incident_reason_item (incident_reason_item_id, name) VALUES (20, 'Гололедица (резкое колебание t воздуха)');
INSERT INTO ttb.incident_reason_item (incident_reason_item_id, name) VALUES (21, 'Брак');
INSERT INTO ttb.incident_reason_item (incident_reason_item_id, name) VALUES (22, 'Встал под изолятором');
INSERT INTO ttb.incident_reason_item (incident_reason_item_id, name) VALUES (23, 'Повреждение ТС пассажирами или пешеходами');
INSERT INTO ttb.incident_reason_item (incident_reason_item_id, name) VALUES (24, 'Отстранение водителя от работы');
INSERT INTO ttb.incident_reason_item (incident_reason_item_id, name) VALUES (25, 'Гололед (осадки)');
INSERT INTO ttb.incident_reason_item (incident_reason_item_id, name) VALUES (26, 'Закрыт ж/д переезд');
INSERT INTO ttb.incident_reason_item (incident_reason_item_id, name) VALUES (27, 'Пожар');
INSERT INTO ttb.incident_reason_item (incident_reason_item_id, name) VALUES (28, 'ДТП Автобус с трамваем');
INSERT INTO ttb.incident_reason_item (incident_reason_item_id, name) VALUES (29, 'к/сеть');
INSERT INTO ttb.incident_reason_item (incident_reason_item_id, name) VALUES (30, 'Заправка ТС вне плана');
INSERT INTO ttb.incident_reason_item (incident_reason_item_id, name) VALUES (31, 'Возгорание');
INSERT INTO ttb.incident_reason_item (incident_reason_item_id, name) VALUES (32, 'Недовыпуск');
INSERT INTO ttb.incident_reason_item (incident_reason_item_id, name) VALUES (33, 'Прочие');
INSERT INTO ttb.incident_reason_item (incident_reason_item_id, name) VALUES (34, 'Повреждение кабеля');
INSERT INTO ttb.incident_reason_item (incident_reason_item_id, name) VALUES (35, 'Нет голосовой связи (GSM)');
INSERT INTO ttb.incident_reason_item (incident_reason_item_id, name) VALUES (36, 'Повреждение к/сети: в результате актов вандализма');
INSERT INTO ttb.incident_reason_item (incident_reason_item_id, name) VALUES (37, 'ДТП Автобус с автобусом');
INSERT INTO ttb.incident_reason_item (incident_reason_item_id, name) VALUES (38, 'Происшествие с пассажирами: Наезд на пешехода');
INSERT INTO ttb.incident_reason_item (incident_reason_item_id, name) VALUES (39, 'Резина');
INSERT INTO ttb.incident_reason_item (incident_reason_item_id, name) VALUES (40, 'Дождь');
INSERT INTO ttb.incident_reason_item (incident_reason_item_id, name) VALUES (41, 'Повреждение ходовой резины');
INSERT INTO ttb.incident_reason_item (incident_reason_item_id, name) VALUES (42, 'ЧП с контролером');
INSERT INTO ttb.incident_reason_item (incident_reason_item_id, name) VALUES (43, 'Проезжая часть');
INSERT INTO ttb.incident_reason_item (incident_reason_item_id, name) VALUES (44, 'Неисправность ходовой резины');
INSERT INTO ttb.incident_reason_item (incident_reason_item_id, name) VALUES (45, 'Повреждение ТС и оборудования: из-за плохого состояния проезжей части (ремонт, наводнение, пожар)');
INSERT INTO ttb.incident_reason_item (incident_reason_item_id, name) VALUES (46, 'ДТП Трамвай с автомобилем');
INSERT INTO ttb.incident_reason_item (incident_reason_item_id, name) VALUES (47, 'Повреждение ТС');
INSERT INTO ttb.incident_reason_item (incident_reason_item_id, name) VALUES (48, 'Наезд на посторонний предмет');
INSERT INTO ttb.incident_reason_item (incident_reason_item_id, name) VALUES (49, 'Провал проезжей части');
INSERT INTO ttb.incident_reason_item (incident_reason_item_id, name) VALUES (50, 'Повреждение ТС и оборудования: в результате актов вандализма');
INSERT INTO ttb.incident_reason_item (incident_reason_item_id, name) VALUES (51, 'Происшествие с пассажирами: Угон ТС');
INSERT INTO ttb.incident_reason_item (incident_reason_item_id, name) VALUES (52, 'Повреждение к/сети: по стихийным причинам из-за ухудшения погодных условий');
INSERT INTO ttb.incident_reason_item (incident_reason_item_id, name) VALUES (53, 'Повреждение контактной сети негабаритным грузом');
INSERT INTO ttb.incident_reason_item (incident_reason_item_id, name) VALUES (54, 'Авария коммуникаций');
INSERT INTO ttb.incident_reason_item (incident_reason_item_id, name) VALUES (55, 'Дорожные работы');
INSERT INTO ttb.incident_reason_item (incident_reason_item_id, name) VALUES (56, 'Скопление пассажиров');
INSERT INTO ttb.incident_reason_item (incident_reason_item_id, name) VALUES (57, 'Штанги запутались в проводах');
INSERT INTO ttb.incident_reason_item (incident_reason_item_id, name) VALUES (58, 'Эксплуатация');
INSERT INTO ttb.incident_reason_item (incident_reason_item_id, name) VALUES (59, 'Отказ ТС');
INSERT INTO ttb.incident_reason_item (incident_reason_item_id, name) VALUES (60, 'Погода');
INSERT INTO ttb.incident_reason_item (incident_reason_item_id, name) VALUES (61, 'Опоздание');
INSERT INTO ttb.incident_reason_item (incident_reason_item_id, name) VALUES (62, 'Р/станция');
INSERT INTO ttb.incident_reason_item (incident_reason_item_id, name) VALUES (63, 'ДТП Автобус с троллейбусом');
INSERT INTO ttb.incident_reason_item (incident_reason_item_id, name) VALUES (64, 'Невыход водителя на работу');
INSERT INTO ttb.incident_reason_item (incident_reason_item_id, name) VALUES (65, 'Посторонний предмет на контактной сети');
INSERT INTO ttb.incident_reason_item (incident_reason_item_id, name) VALUES (66, 'Не работает светофор');
INSERT INTO ttb.incident_reason_item (incident_reason_item_id, name) VALUES (67, 'ДТП Автобус с автомобилем');
INSERT INTO ttb.incident_reason_item (incident_reason_item_id, name) VALUES (68, 'Техническая неисправность ТС');
INSERT INTO ttb.incident_reason_item (incident_reason_item_id, name) VALUES (69, 'Разъезд на стрелке');
INSERT INTO ttb.incident_reason_item (incident_reason_item_id, name) VALUES (70, 'Отстранение водителя из-за болезни');
INSERT INTO ttb.incident_reason_item (incident_reason_item_id, name) VALUES (71, 'Посторонний предмет');
INSERT INTO ttb.incident_reason_item (incident_reason_item_id, name) VALUES (72, 'ТО-2');
INSERT INTO ttb.incident_reason_item (incident_reason_item_id, name) VALUES (73, 'Сбита опора с повреждением контактной сети');
INSERT INTO ttb.incident_reason_item (incident_reason_item_id, name) VALUES (74, 'Обстрел трамвая');
INSERT INTO ttb.incident_reason_item (incident_reason_item_id, name) VALUES (75, 'Несвоевремнный выезд из парка');
INSERT INTO ttb.incident_reason_item (incident_reason_item_id, name) VALUES (76, 'Сход штанги');
INSERT INTO ttb.incident_reason_item (incident_reason_item_id, name) VALUES (77, 'ЧП с водителем');
INSERT INTO ttb.incident_reason_item (incident_reason_item_id, name) VALUES (78, 'Снег');
INSERT INTO ttb.incident_reason_item (incident_reason_item_id, name) VALUES (79, 'Забытые вещи');
INSERT INTO ttb.incident_reason_item (incident_reason_item_id, name) VALUES (80, 'Оставлен автомобиль');
INSERT INTO ttb.incident_reason_item (incident_reason_item_id, name) VALUES (81, 'Ошибка в расстановке ТС в филиале');
INSERT INTO ttb.incident_reason_item (incident_reason_item_id, name) VALUES (82, 'Скопление транспорта');
INSERT INTO ttb.incident_reason_item (incident_reason_item_id, name) VALUES (83, 'Невозможность выезда из-за неявки водителей впереди стоящих ТС');
INSERT INTO ttb.incident_reason_item (incident_reason_item_id, name) VALUES (84, 'Снижение мощности электропитания');
INSERT INTO ttb.incident_reason_item (incident_reason_item_id, name) VALUES (85, 'Задержка движения');
INSERT INTO ttb.incident_reason_item (incident_reason_item_id, name) VALUES (86, 'НС');
INSERT INTO ttb.incident_reason_item (incident_reason_item_id, name) VALUES (87, 'Сход вагона с путей');
INSERT INTO ttb.incident_reason_item (incident_reason_item_id, name) VALUES (88, 'Обледенение контактной сети');
INSERT INTO ttb.incident_reason_item (incident_reason_item_id, name) VALUES (89, 'Строительные работы');
INSERT INTO ttb.incident_reason_item (incident_reason_item_id, name) VALUES (90, 'Иное');
INSERT INTO ttb.incident_reason_item (incident_reason_item_id, name) VALUES (91, 'Простой');
INSERT INTO ttb.incident_reason_item (incident_reason_item_id, name) VALUES (92, 'Вина водителя');
INSERT INTO ttb.incident_reason_item (incident_reason_item_id, name) VALUES (93, 'Отстранение водителя за нарушение ПДД, ПТЭ и ДИ');
INSERT INTO ttb.incident_reason_item (incident_reason_item_id, name) VALUES (94, 'Несвоевременное окончание ночных работ');
INSERT INTO ttb.incident_reason_item (incident_reason_item_id, name) VALUES (95, 'Повреждение к/сети: из-за плохого состояния проезжей части (ремонт, наводнение, пожар)');
INSERT INTO ttb.incident_reason_item (incident_reason_item_id, name) VALUES (96, 'Бригада');
INSERT INTO ttb.incident_reason_item (incident_reason_item_id, name) VALUES (97, 'ДТП С ТС МГТ');
INSERT INTO ttb.incident_reason_item (incident_reason_item_id, name) VALUES (98, 'ЧП');
INSERT INTO ttb.incident_reason_item (incident_reason_item_id, name) VALUES (99, 'Обрезка деревьев');
INSERT INTO ttb.incident_reason_item (incident_reason_item_id, name) VALUES (100, 'Сбита опора');
INSERT INTO ttb.incident_reason_item (incident_reason_item_id, name) VALUES (101, 'Обнаружены расхождения планового расписания и наряда(-ов)Общая продолжительность работы смены');
INSERT INTO ttb.incident_reason_item (incident_reason_item_id, name) VALUES (102, 'Найдены пересечения времени работы ТС');
INSERT INTO ttb.incident_reason_item (incident_reason_item_id, name) VALUES (103, 'Найдены пересечения времени работы водителя');
INSERT INTO ttb.incident_reason_item (incident_reason_item_id, name) VALUES (104, 'Не совпадает класс ТС в плановом расписании с классом ТС в наряде.');
INSERT INTO ttb.incident_reason_item (incident_reason_item_id, name) VALUES (105, 'Количество выходов в плановом расписании не равно количеству выходов в наряде.');
INSERT INTO ttb.incident_reason_item (incident_reason_item_id, name) VALUES (106, 'Обнаружены расхождения планового расписания и наряда(-ов)');


INSERT INTO ttb.incident_reason (incident_reason_id, incident_reason_item_id, incident_reason_parent_id) VALUES (1, 21, null);
INSERT INTO ttb.incident_reason (incident_reason_id, incident_reason_item_id, incident_reason_parent_id) VALUES (2, 85, null);
INSERT INTO ttb.incident_reason (incident_reason_id, incident_reason_item_id, incident_reason_parent_id) VALUES (3, 61, 1);
INSERT INTO ttb.incident_reason (incident_reason_id, incident_reason_item_id, incident_reason_parent_id) VALUES (4, 91, 1);
INSERT INTO ttb.incident_reason (incident_reason_id, incident_reason_item_id, incident_reason_parent_id) VALUES (5, 2, 1);
INSERT INTO ttb.incident_reason (incident_reason_id, incident_reason_item_id, incident_reason_parent_id) VALUES (6, 32, 1);
INSERT INTO ttb.incident_reason (incident_reason_id, incident_reason_item_id, incident_reason_parent_id) VALUES (7, 33, 2);
INSERT INTO ttb.incident_reason (incident_reason_id, incident_reason_item_id, incident_reason_parent_id) VALUES (8, 19, 3);
INSERT INTO ttb.incident_reason (incident_reason_id, incident_reason_item_id, incident_reason_parent_id) VALUES (9, 92, 3);
INSERT INTO ttb.incident_reason (incident_reason_id, incident_reason_item_id, incident_reason_parent_id) VALUES (10, 39, 3);
INSERT INTO ttb.incident_reason (incident_reason_id, incident_reason_item_id, incident_reason_parent_id) VALUES (11, 58, 3);
INSERT INTO ttb.incident_reason (incident_reason_id, incident_reason_item_id, incident_reason_parent_id) VALUES (12, 96, 3);
INSERT INTO ttb.incident_reason (incident_reason_id, incident_reason_item_id, incident_reason_parent_id) VALUES (13, 62, 3);
INSERT INTO ttb.incident_reason (incident_reason_id, incident_reason_item_id, incident_reason_parent_id) VALUES (14, 86, 3);
INSERT INTO ttb.incident_reason (incident_reason_id, incident_reason_item_id, incident_reason_parent_id) VALUES (15, 19, 4);
INSERT INTO ttb.incident_reason (incident_reason_id, incident_reason_item_id, incident_reason_parent_id) VALUES (16, 92, 4);
INSERT INTO ttb.incident_reason (incident_reason_id, incident_reason_item_id, incident_reason_parent_id) VALUES (17, 39, 4);
INSERT INTO ttb.incident_reason (incident_reason_id, incident_reason_item_id, incident_reason_parent_id) VALUES (18, 58, 4);
INSERT INTO ttb.incident_reason (incident_reason_id, incident_reason_item_id, incident_reason_parent_id) VALUES (19, 96, 4);
INSERT INTO ttb.incident_reason (incident_reason_id, incident_reason_item_id, incident_reason_parent_id) VALUES (20, 62, 4);
INSERT INTO ttb.incident_reason (incident_reason_id, incident_reason_item_id, incident_reason_parent_id) VALUES (21, 86, 4);
INSERT INTO ttb.incident_reason (incident_reason_id, incident_reason_item_id, incident_reason_parent_id) VALUES (22, 19, 5);
INSERT INTO ttb.incident_reason (incident_reason_id, incident_reason_item_id, incident_reason_parent_id) VALUES (23, 92, 5);
INSERT INTO ttb.incident_reason (incident_reason_id, incident_reason_item_id, incident_reason_parent_id) VALUES (24, 39, 5);
INSERT INTO ttb.incident_reason (incident_reason_id, incident_reason_item_id, incident_reason_parent_id) VALUES (25, 58, 5);
INSERT INTO ttb.incident_reason (incident_reason_id, incident_reason_item_id, incident_reason_parent_id) VALUES (26, 96, 5);
INSERT INTO ttb.incident_reason (incident_reason_id, incident_reason_item_id, incident_reason_parent_id) VALUES (27, 62, 5);
INSERT INTO ttb.incident_reason (incident_reason_id, incident_reason_item_id, incident_reason_parent_id) VALUES (28, 86, 5);
INSERT INTO ttb.incident_reason (incident_reason_id, incident_reason_item_id, incident_reason_parent_id) VALUES (29, 19, 6);
INSERT INTO ttb.incident_reason (incident_reason_id, incident_reason_item_id, incident_reason_parent_id) VALUES (30, 92, 6);
INSERT INTO ttb.incident_reason (incident_reason_id, incident_reason_item_id, incident_reason_parent_id) VALUES (31, 39, 6);
INSERT INTO ttb.incident_reason (incident_reason_id, incident_reason_item_id, incident_reason_parent_id) VALUES (32, 58, 6);
INSERT INTO ttb.incident_reason (incident_reason_id, incident_reason_item_id, incident_reason_parent_id) VALUES (33, 96, 6);
INSERT INTO ttb.incident_reason (incident_reason_id, incident_reason_item_id, incident_reason_parent_id) VALUES (34, 62, 6);
INSERT INTO ttb.incident_reason (incident_reason_id, incident_reason_item_id, incident_reason_parent_id) VALUES (35, 86, 6);
INSERT INTO ttb.incident_reason (incident_reason_id, incident_reason_item_id, incident_reason_parent_id) VALUES (36, 59, 8);
INSERT INTO ttb.incident_reason (incident_reason_id, incident_reason_item_id, incident_reason_parent_id) VALUES (37, 3, 8);
INSERT INTO ttb.incident_reason (incident_reason_id, incident_reason_item_id, incident_reason_parent_id) VALUES (38, 72, 8);
INSERT INTO ttb.incident_reason (incident_reason_id, incident_reason_item_id, incident_reason_parent_id) VALUES (39, 81, 8);
INSERT INTO ttb.incident_reason (incident_reason_id, incident_reason_item_id, incident_reason_parent_id) VALUES (40, 75, 9);
INSERT INTO ttb.incident_reason (incident_reason_id, incident_reason_item_id, incident_reason_parent_id) VALUES (41, 24, 9);
INSERT INTO ttb.incident_reason (incident_reason_id, incident_reason_item_id, incident_reason_parent_id) VALUES (42, 30, 9);
INSERT INTO ttb.incident_reason (incident_reason_id, incident_reason_item_id, incident_reason_parent_id) VALUES (43, 13, 9);
INSERT INTO ttb.incident_reason (incident_reason_id, incident_reason_item_id, incident_reason_parent_id) VALUES (44, 44, 10);
INSERT INTO ttb.incident_reason (incident_reason_id, incident_reason_item_id, incident_reason_parent_id) VALUES (45, 41, 10);
INSERT INTO ttb.incident_reason (incident_reason_id, incident_reason_item_id, incident_reason_parent_id) VALUES (46, 37, 11);
INSERT INTO ttb.incident_reason (incident_reason_id, incident_reason_item_id, incident_reason_parent_id) VALUES (47, 63, 11);
INSERT INTO ttb.incident_reason (incident_reason_id, incident_reason_item_id, incident_reason_parent_id) VALUES (48, 28, 11);
INSERT INTO ttb.incident_reason (incident_reason_id, incident_reason_item_id, incident_reason_parent_id) VALUES (49, 67, 11);
INSERT INTO ttb.incident_reason (incident_reason_id, incident_reason_item_id, incident_reason_parent_id) VALUES (50, 17, 11);
INSERT INTO ttb.incident_reason (incident_reason_id, incident_reason_item_id, incident_reason_parent_id) VALUES (51, 46, 11);
INSERT INTO ttb.incident_reason (incident_reason_id, incident_reason_item_id, incident_reason_parent_id) VALUES (52, 23, 11);
INSERT INTO ttb.incident_reason (incident_reason_id, incident_reason_item_id, incident_reason_parent_id) VALUES (53, 64, 12);
INSERT INTO ttb.incident_reason (incident_reason_id, incident_reason_item_id, incident_reason_parent_id) VALUES (54, 70, 12);
INSERT INTO ttb.incident_reason (incident_reason_id, incident_reason_item_id, incident_reason_parent_id) VALUES (55, 93, 12);
INSERT INTO ttb.incident_reason (incident_reason_id, incident_reason_item_id, incident_reason_parent_id) VALUES (56, 83, 12);
INSERT INTO ttb.incident_reason (incident_reason_id, incident_reason_item_id, incident_reason_parent_id) VALUES (57, 16, 13);
INSERT INTO ttb.incident_reason (incident_reason_id, incident_reason_item_id, incident_reason_parent_id) VALUES (58, 35, 13);
INSERT INTO ttb.incident_reason (incident_reason_id, incident_reason_item_id, incident_reason_parent_id) VALUES (59, 79, 14);
INSERT INTO ttb.incident_reason (incident_reason_id, incident_reason_item_id, incident_reason_parent_id) VALUES (60, 51, 14);
INSERT INTO ttb.incident_reason (incident_reason_id, incident_reason_item_id, incident_reason_parent_id) VALUES (61, 38, 14);
INSERT INTO ttb.incident_reason (incident_reason_id, incident_reason_item_id, incident_reason_parent_id) VALUES (62, 45, 14);
INSERT INTO ttb.incident_reason (incident_reason_id, incident_reason_item_id, incident_reason_parent_id) VALUES (63, 5, 14);
INSERT INTO ttb.incident_reason (incident_reason_id, incident_reason_item_id, incident_reason_parent_id) VALUES (64, 52, 14);
INSERT INTO ttb.incident_reason (incident_reason_id, incident_reason_item_id, incident_reason_parent_id) VALUES (65, 50, 14);
INSERT INTO ttb.incident_reason (incident_reason_id, incident_reason_item_id, incident_reason_parent_id) VALUES (66, 95, 14);
INSERT INTO ttb.incident_reason (incident_reason_id, incident_reason_item_id, incident_reason_parent_id) VALUES (67, 36, 14);
INSERT INTO ttb.incident_reason (incident_reason_id, incident_reason_item_id, incident_reason_parent_id) VALUES (70, 29, 7);
INSERT INTO ttb.incident_reason (incident_reason_id, incident_reason_item_id, incident_reason_parent_id) VALUES (71, 43, 7);
INSERT INTO ttb.incident_reason (incident_reason_id, incident_reason_item_id, incident_reason_parent_id) VALUES (72, 58, 7);
INSERT INTO ttb.incident_reason (incident_reason_id, incident_reason_item_id, incident_reason_parent_id) VALUES (73, 98, 7);
INSERT INTO ttb.incident_reason (incident_reason_id, incident_reason_item_id, incident_reason_parent_id) VALUES (74, 10, 7);
INSERT INTO ttb.incident_reason (incident_reason_id, incident_reason_item_id, incident_reason_parent_id) VALUES (75, 60, 7);
INSERT INTO ttb.incident_reason (incident_reason_id, incident_reason_item_id, incident_reason_parent_id) VALUES (76, 90, 7);
INSERT INTO ttb.incident_reason (incident_reason_id, incident_reason_item_id, incident_reason_parent_id) VALUES (68, 82, 7);
INSERT INTO ttb.incident_reason (incident_reason_id, incident_reason_item_id, incident_reason_parent_id) VALUES (69, 97, 7);
INSERT INTO ttb.incident_reason (incident_reason_id, incident_reason_item_id, incident_reason_parent_id) VALUES (77, 9, 70);
INSERT INTO ttb.incident_reason (incident_reason_id, incident_reason_item_id, incident_reason_parent_id) VALUES (78, 4, 70);
INSERT INTO ttb.incident_reason (incident_reason_id, incident_reason_item_id, incident_reason_parent_id) VALUES (79, 88, 70);
INSERT INTO ttb.incident_reason (incident_reason_id, incident_reason_item_id, incident_reason_parent_id) VALUES (80, 11, 70);
INSERT INTO ttb.incident_reason (incident_reason_id, incident_reason_item_id, incident_reason_parent_id) VALUES (81, 53, 70);
INSERT INTO ttb.incident_reason (incident_reason_id, incident_reason_item_id, incident_reason_parent_id) VALUES (82, 65, 70);
INSERT INTO ttb.incident_reason (incident_reason_id, incident_reason_item_id, incident_reason_parent_id) VALUES (83, 73, 70);
INSERT INTO ttb.incident_reason (incident_reason_id, incident_reason_item_id, incident_reason_parent_id) VALUES (84, 34, 70);
INSERT INTO ttb.incident_reason (incident_reason_id, incident_reason_item_id, incident_reason_parent_id) VALUES (85, 84, 70);
INSERT INTO ttb.incident_reason (incident_reason_id, incident_reason_item_id, incident_reason_parent_id) VALUES (86, 94, 70);
INSERT INTO ttb.incident_reason (incident_reason_id, incident_reason_item_id, incident_reason_parent_id) VALUES (87, 55, 71);
INSERT INTO ttb.incident_reason (incident_reason_id, incident_reason_item_id, incident_reason_parent_id) VALUES (88, 14, 71);
INSERT INTO ttb.incident_reason (incident_reason_id, incident_reason_item_id, incident_reason_parent_id) VALUES (89, 49, 71);
INSERT INTO ttb.incident_reason (incident_reason_id, incident_reason_item_id, incident_reason_parent_id) VALUES (90, 89, 71);
INSERT INTO ttb.incident_reason (incident_reason_id, incident_reason_item_id, incident_reason_parent_id) VALUES (91, 22, 72);
INSERT INTO ttb.incident_reason (incident_reason_id, incident_reason_item_id, incident_reason_parent_id) VALUES (92, 31, 72);
INSERT INTO ttb.incident_reason (incident_reason_id, incident_reason_item_id, incident_reason_parent_id) VALUES (93, 15, 72);
INSERT INTO ttb.incident_reason (incident_reason_id, incident_reason_item_id, incident_reason_parent_id) VALUES (94, 48, 72);
INSERT INTO ttb.incident_reason (incident_reason_id, incident_reason_item_id, incident_reason_parent_id) VALUES (95, 47, 72);
INSERT INTO ttb.incident_reason (incident_reason_id, incident_reason_item_id, incident_reason_parent_id) VALUES (96, 69, 72);
INSERT INTO ttb.incident_reason (incident_reason_id, incident_reason_item_id, incident_reason_parent_id) VALUES (97, 87, 72);
INSERT INTO ttb.incident_reason (incident_reason_id, incident_reason_item_id, incident_reason_parent_id) VALUES (98, 76, 72);
INSERT INTO ttb.incident_reason (incident_reason_id, incident_reason_item_id, incident_reason_parent_id) VALUES (99, 68, 72);
INSERT INTO ttb.incident_reason (incident_reason_id, incident_reason_item_id, incident_reason_parent_id) VALUES (100, 77, 72);
INSERT INTO ttb.incident_reason (incident_reason_id, incident_reason_item_id, incident_reason_parent_id) VALUES (101, 57, 72);
INSERT INTO ttb.incident_reason (incident_reason_id, incident_reason_item_id, incident_reason_parent_id) VALUES (102, 79, 73);
INSERT INTO ttb.incident_reason (incident_reason_id, incident_reason_item_id, incident_reason_parent_id) VALUES (103, 8, 73);
INSERT INTO ttb.incident_reason (incident_reason_id, incident_reason_item_id, incident_reason_parent_id) VALUES (104, 7, 73);
INSERT INTO ttb.incident_reason (incident_reason_id, incident_reason_item_id, incident_reason_parent_id) VALUES (105, 74, 73);
INSERT INTO ttb.incident_reason (incident_reason_id, incident_reason_item_id, incident_reason_parent_id) VALUES (106, 42, 73);
INSERT INTO ttb.incident_reason (incident_reason_id, incident_reason_item_id, incident_reason_parent_id) VALUES (107, 12, 73);
INSERT INTO ttb.incident_reason (incident_reason_id, incident_reason_item_id, incident_reason_parent_id) VALUES (108, 6, 73);
INSERT INTO ttb.incident_reason (incident_reason_id, incident_reason_item_id, incident_reason_parent_id) VALUES (109, 80, 74);
INSERT INTO ttb.incident_reason (incident_reason_id, incident_reason_item_id, incident_reason_parent_id) VALUES (110, 71, 74);
INSERT INTO ttb.incident_reason (incident_reason_id, incident_reason_item_id, incident_reason_parent_id) VALUES (111, 78, 75);
INSERT INTO ttb.incident_reason (incident_reason_id, incident_reason_item_id, incident_reason_parent_id) VALUES (112, 25, 75);
INSERT INTO ttb.incident_reason (incident_reason_id, incident_reason_item_id, incident_reason_parent_id) VALUES (113, 20, 75);
INSERT INTO ttb.incident_reason (incident_reason_id, incident_reason_item_id, incident_reason_parent_id) VALUES (114, 18, 75);
INSERT INTO ttb.incident_reason (incident_reason_id, incident_reason_item_id, incident_reason_parent_id) VALUES (115, 1, 75);
INSERT INTO ttb.incident_reason (incident_reason_id, incident_reason_item_id, incident_reason_parent_id) VALUES (116, 40, 75);
INSERT INTO ttb.incident_reason (incident_reason_id, incident_reason_item_id, incident_reason_parent_id) VALUES (117, 54, 76);
INSERT INTO ttb.incident_reason (incident_reason_id, incident_reason_item_id, incident_reason_parent_id) VALUES (118, 26, 76);
INSERT INTO ttb.incident_reason (incident_reason_id, incident_reason_item_id, incident_reason_parent_id) VALUES (119, 66, 76);
INSERT INTO ttb.incident_reason (incident_reason_id, incident_reason_item_id, incident_reason_parent_id) VALUES (120, 99, 76);
INSERT INTO ttb.incident_reason (incident_reason_id, incident_reason_item_id, incident_reason_parent_id) VALUES (121, 27, 76);
INSERT INTO ttb.incident_reason (incident_reason_id, incident_reason_item_id, incident_reason_parent_id) VALUES (122, 100, 76);
INSERT INTO ttb.incident_reason (incident_reason_id, incident_reason_item_id, incident_reason_parent_id) VALUES (123, 56, 76);
INSERT INTO ttb.incident_reason (incident_reason_id, incident_reason_item_id, incident_reason_parent_id) VALUES (125, 101, 124);
INSERT INTO ttb.incident_reason (incident_reason_id, incident_reason_item_id, incident_reason_parent_id) VALUES (126, 102, 124);
INSERT INTO ttb.incident_reason (incident_reason_id, incident_reason_item_id, incident_reason_parent_id) VALUES (127, 103, 124);
INSERT INTO ttb.incident_reason (incident_reason_id, incident_reason_item_id, incident_reason_parent_id) VALUES (128, 104, 124);
INSERT INTO ttb.incident_reason (incident_reason_id, incident_reason_item_id, incident_reason_parent_id) VALUES (129, 105, 124);
INSERT INTO ttb.incident_reason (incident_reason_id, incident_reason_item_id, incident_reason_parent_id) VALUES (124, 106, null);



INSERT INTO ttb.ttv_oper_cp_type (ttv_oper_cp_type_id, param_name, param_desc, default_val) VALUES (1, 'Допустимое отклонение интервала', 'Допустимое отклонение интервала', null);
INSERT INTO ttb.ttv_oper_cp_type (ttv_oper_cp_type_id, param_name, param_desc, default_val) VALUES (2, 'Допустимое отклонение от расписания по ОП', 'Допустимое отклонение от расписания по ОП', null);
INSERT INTO ttb.ttv_oper_cp_type (ttv_oper_cp_type_id, param_name, param_desc, default_val) VALUES (5, 'Минимальное допустимое количество ТС на маршруте', 'Минимальное допустимое количество ТС на маршруте', null);
INSERT INTO ttb.ttv_oper_cp_type (ttv_oper_cp_type_id, param_name, param_desc, default_val) VALUES (3, 'Допустимо переключение ТС с маршрута', 'Допустимо переключение ТС с маршрута', 0);
INSERT INTO ttb.ttv_oper_cp_type (ttv_oper_cp_type_id, param_name, param_desc, default_val) VALUES (6, 'Допустимое отклонение прибытия ТС на конечный пункт маршрута из парка', 'Допустимое отклонение прибытия ТС на конечный пункт маршрута из парка', 2);



INSERT INTO ttb.incident_action (incident_action_id, incident_type_id, incident_handler_id) VALUES (1, 1, 1);
INSERT INTO ttb.incident_action (incident_action_id, incident_type_id, incident_handler_id) VALUES (2, 2, 1);
INSERT INTO ttb.incident_action (incident_action_id, incident_type_id, incident_handler_id) VALUES (3, 3, 1);
INSERT INTO ttb.incident_action (incident_action_id, incident_type_id, incident_handler_id) VALUES (4, 4, 1);
INSERT INTO ttb.incident_action (incident_action_id, incident_type_id, incident_handler_id) VALUES (5, 5, 1);
INSERT INTO ttb.incident_action (incident_action_id, incident_type_id, incident_handler_id) VALUES (6, 6, 1);
INSERT INTO ttb.incident_action (incident_action_id, incident_type_id, incident_handler_id) VALUES (7, 7, 1);
INSERT INTO ttb.incident_action (incident_action_id, incident_type_id, incident_handler_id) VALUES (8, 8, 1);
INSERT INTO ttb.incident_action (incident_action_id, incident_type_id, incident_handler_id) VALUES (9, 9, 1);
INSERT INTO ttb.incident_action (incident_action_id, incident_type_id, incident_handler_id) VALUES (10, 10, 1);
INSERT INTO ttb.incident_action (incident_action_id, incident_type_id, incident_handler_id) VALUES (11, 11, 1);
INSERT INTO ttb.incident_action (incident_action_id, incident_type_id, incident_handler_id) VALUES (12, 12, 1);
INSERT INTO ttb.incident_action (incident_action_id, incident_type_id, incident_handler_id) VALUES (13, 13, 1);
INSERT INTO ttb.incident_action (incident_action_id, incident_type_id, incident_handler_id) VALUES (14, 2, 2);
INSERT INTO ttb.incident_action (incident_action_id, incident_type_id, incident_handler_id) VALUES (15, 14, 1);
INSERT INTO ttb.incident_action (incident_action_id, incident_type_id, incident_handler_id) VALUES (16, 3, 2);
INSERT INTO ttb.incident_action (incident_action_id, incident_type_id, incident_handler_id) VALUES (17, 4, 2);
INSERT INTO ttb.incident_action (incident_action_id, incident_type_id, incident_handler_id) VALUES (18, 15, 1);
INSERT INTO ttb.incident_action (incident_action_id, incident_type_id, incident_handler_id) VALUES (19, 16, 1);
INSERT INTO ttb.incident_action (incident_action_id, incident_type_id, incident_handler_id) VALUES (20, 17, 1);
INSERT INTO ttb.incident_action (incident_action_id, incident_type_id, incident_handler_id) VALUES (21, 16, 3);
INSERT INTO ttb.incident_action (incident_action_id, incident_type_id, incident_handler_id) VALUES (22, 13, 3);
INSERT INTO ttb.incident_action (incident_action_id, incident_type_id, incident_handler_id) VALUES (23, 14, 3);
INSERT INTO ttb.incident_action (incident_action_id, incident_type_id, incident_handler_id) VALUES (24, 15, 3);
INSERT INTO ttb.incident_action (incident_action_id, incident_type_id, incident_handler_id) VALUES (25, 18, 1);
INSERT INTO ttb.incident_action (incident_action_id, incident_type_id, incident_handler_id) VALUES (26, 19, 1);
INSERT INTO ttb.incident_action (incident_action_id, incident_type_id, incident_handler_id) VALUES (27, 19, 2);
INSERT INTO ttb.incident_action (incident_action_id, incident_type_id, incident_handler_id) VALUES (28, 18, 2);
INSERT INTO ttb.incident_action (incident_action_id, incident_type_id, incident_handler_id) VALUES (29, 19, 4);
INSERT INTO ttb.incident_action (incident_action_id, incident_type_id, incident_handler_id) VALUES (30, 20, 1);
INSERT INTO ttb.incident_action (incident_action_id, incident_type_id, incident_handler_id) VALUES (31, 20, 2);
INSERT INTO ttb.incident_action (incident_action_id, incident_type_id, incident_handler_id) VALUES (32, 21, 2);
INSERT INTO ttb.incident_action (incident_action_id, incident_type_id, incident_handler_id) VALUES (33, 22, 2);