INSERT INTO kdbo.diagnostic_result (diagnostic_result_id, dgnt_result_name, dgnt_result_desc, equipment_type_id, dgnt_code, is_critical) VALUES (11, 'Вентилятор  ЖД не работает', 'Вентилятор жесткого диска не работает', 19, 'HDD_FAN_NOWORKED', false);
INSERT INTO kdbo.diagnostic_result (diagnostic_result_id, dgnt_result_name, dgnt_result_desc, equipment_type_id, dgnt_code, is_critical) VALUES (13, 'Сбой жесткого диска', 'Сбой жесткого диска', 19, 'HDD_FAILURE', false);
INSERT INTO kdbo.diagnostic_result (diagnostic_result_id, dgnt_result_name, dgnt_result_desc, equipment_type_id, dgnt_code, is_critical) VALUES (1, 'Нет пакетов данных', 'Отсутствие пакетов данных в течение заданного настройками времени', 2, 'BSNT_NOPACK', false);
INSERT INTO kdbo.diagnostic_result (diagnostic_result_id, dgnt_result_name, dgnt_result_desc, equipment_type_id, dgnt_code, is_critical) VALUES (2, 'Нет пакетов данных', 'Отсутствие пакетов данных в течение заданного настройками времени', 9, 'BSNR_NOPACK', false);
INSERT INTO kdbo.diagnostic_result (diagnostic_result_id, dgnt_result_name, dgnt_result_desc, equipment_type_id, dgnt_code, is_critical) VALUES (4, 'Невалидные данные', 'Превышено допустимое количество подряд получаемых невалидных данных', 9, 'BSNR_EXCEED_INVALID_DATA', false);
INSERT INTO kdbo.diagnostic_result (diagnostic_result_id, dgnt_result_name, dgnt_result_desc, equipment_type_id, dgnt_code, is_critical) VALUES (7, 'Нет пакета первичного подключения к серверу', 'Отсутствие пакета первичного подключения к серверу в течение заданного настройками времени', 10, 'KBTOB_NOFIRST_PACK', false);
INSERT INTO kdbo.diagnostic_result (diagnostic_result_id, dgnt_result_name, dgnt_result_desc, equipment_type_id, dgnt_code, is_critical) VALUES (9, 'Диск переполнен', 'Жесткий диск переполнен', 19, 'HDD_OVERFULL', false);
INSERT INTO kdbo.diagnostic_result (diagnostic_result_id, dgnt_result_name, dgnt_result_desc, equipment_type_id, dgnt_code, is_critical) VALUES (10, 'Диск отсутствует', 'Жесткий диск отсутствует', 19, 'HDD_NODISK', false);
INSERT INTO kdbo.diagnostic_result (diagnostic_result_id, dgnt_result_name, dgnt_result_desc, equipment_type_id, dgnt_code, is_critical) VALUES (12, 'Высокая темппература', 'Температура диска выше допустимого значения', 19, 'HDD_HIGH_TEMP', false);
INSERT INTO kdbo.diagnostic_result (diagnostic_result_id, dgnt_result_name, dgnt_result_desc, equipment_type_id, dgnt_code, is_critical) VALUES (16, 'Много невалидных показаний  по уровню топлива', 'Превышено количество невалидных показаний ДУТ по уровню топлива', 3, 'DUT_EXCEED_INVALID_FUEL', false);
INSERT INTO kdbo.diagnostic_result (diagnostic_result_id, dgnt_result_name, dgnt_result_desc, equipment_type_id, dgnt_code, is_critical) VALUES (17, 'Много невалидных показаний по температуре бака', 'Превышено количество невалидных показаний ДУТ по температуре бака', 3, 'DUT_EXCEED_INVALID_TEMP_TANK', false);
INSERT INTO kdbo.diagnostic_result (diagnostic_result_id, dgnt_result_name, dgnt_result_desc, equipment_type_id, dgnt_code, is_critical) VALUES (18, 'Несоответствие количества пройденных ОП к показаниям АСМПП', 'Несоответствие количества пройденных ОП к показаниям АСМПП', 4, 'ASMPP_INVALID_OP', false);
INSERT INTO kdbo.diagnostic_result (diagnostic_result_id, dgnt_result_name, dgnt_result_desc, equipment_type_id, dgnt_code, is_critical) VALUES (19, 'Невалидные данные', 'Превышено количество невалидных данных', 4, 'ASMPP_EXCEED_INVALID_DATA', false);
INSERT INTO kdbo.diagnostic_result (diagnostic_result_id, dgnt_result_name, dgnt_result_desc, equipment_type_id, dgnt_code, is_critical) VALUES (20, 'Несоответствие количества вошедших и вышедших', 'Несоответствие количества вошедших и вышедших', 4, 'ASMPP_NOEQUAL_IN_OUT', false);
INSERT INTO kdbo.diagnostic_result (diagnostic_result_id, dgnt_result_name, dgnt_result_desc, equipment_type_id, dgnt_code, is_critical) VALUES (21, 'Невалидные данные', 'Превышено количество невалидных данных', 55, 'DT_EXCEED_INVALID_DATA', false);
INSERT INTO kdbo.diagnostic_result (diagnostic_result_id, dgnt_result_name, dgnt_result_desc, equipment_type_id, dgnt_code, is_critical) VALUES (5, 'Много невалидных данных', 'Превышено соотношение общего числа невалидных данных к заданному числу всего полученных данных', 2, 'BSNT_EXCEED_INVALID_KOEFF', false);
INSERT INTO kdbo.diagnostic_result (diagnostic_result_id, dgnt_result_name, dgnt_result_desc, equipment_type_id, dgnt_code, is_critical) VALUES (6, 'Много невалидных данных', 'Превышено соотношение общего числа невалидных данных к заданному числу всего полученных данных', 9, 'BSNR_EXCEED_INVALID_KOEFF', false);
INSERT INTO kdbo.diagnostic_result (diagnostic_result_id, dgnt_result_name, dgnt_result_desc, equipment_type_id, dgnt_code, is_critical) VALUES (22, 'Отсутствуют данные от ДУТ', 'Отсутствуют данные от ДУТ', 3, 'DUT_NO_DATA', false);
INSERT INTO kdbo.diagnostic_result (diagnostic_result_id, dgnt_result_name, dgnt_result_desc, equipment_type_id, dgnt_code, is_critical) VALUES (8, 'Сигнал со всех камер отсутствует', 'Сигнал со всех камер отсутствует', 10, 'KBTOB_NOSIGNAL', false);
INSERT INTO kdbo.diagnostic_result (diagnostic_result_id, dgnt_result_name, dgnt_result_desc, equipment_type_id, dgnt_code, is_critical) VALUES (23, 'Не подключен', 'Датчик не подключен', 3, 'DUT_SWITCHED_OFF', false);
INSERT INTO kdbo.diagnostic_result (diagnostic_result_id, dgnt_result_name, dgnt_result_desc, equipment_type_id, dgnt_code, is_critical) VALUES (14, 'Сигнал с камеры отсутствует', 'Сигнал с камеры отсутствует', 18, 'CAMERA_NOSIGNAL', true);
INSERT INTO kdbo.diagnostic_result (diagnostic_result_id, dgnt_result_name, dgnt_result_desc, equipment_type_id, dgnt_code, is_critical) VALUES (24, 'ОК', 'Все хорошо', 2, 'OK', false);
INSERT INTO kdbo.diagnostic_result (diagnostic_result_id, dgnt_result_name, dgnt_result_desc, equipment_type_id, dgnt_code, is_critical) VALUES (3, 'Невалидные данные', 'Превышено допустимое количество подряд получаемых невалидных данных', 2, 'BSNT_EXCEED_INVALID_DATA', true);



INSERT INTO kdbo.diagnostic_ref_param (diagnostic_ref_param_id, dgnt_ref_param_name, dgnt_ref_param_code, equipment_type_id) VALUES (8, 'Допустимое количество входящих/выходящих с… ', 'P_ASMPP_IN_OUT_BEG', 4);
INSERT INTO kdbo.diagnostic_ref_param (diagnostic_ref_param_id, dgnt_ref_param_name, dgnt_ref_param_code, equipment_type_id) VALUES (9, 'Допустимое количество входящих/выходящих по…', 'P_ASMPP_IN_OUT_END', 4);
INSERT INTO kdbo.diagnostic_ref_param (diagnostic_ref_param_id, dgnt_ref_param_name, dgnt_ref_param_code, equipment_type_id) VALUES (6, 'Допустимый диапазон соотношений всего пройденных остановок к пакетам данных с показаниями АСМПП с… ', 'P_ASMPP_OP_PACKET_BEG', 4);
INSERT INTO kdbo.diagnostic_ref_param (diagnostic_ref_param_id, dgnt_ref_param_name, dgnt_ref_param_code, equipment_type_id) VALUES (7, 'Допустимый диапазон соотношений всего пройденных остановок к пакетам данных с показаниями АСМПП по…', 'P_ASMPP_OP_PACKET_END', 4);
INSERT INTO kdbo.diagnostic_ref_param (diagnostic_ref_param_id, dgnt_ref_param_name, dgnt_ref_param_code, equipment_type_id) VALUES (23, 'Допустимое соотношение невалидных показаний ДТ к всего полученным показаниям ДТ.', 'P_DT_INVALID_KOEFF', 55);
INSERT INTO kdbo.diagnostic_ref_param (diagnostic_ref_param_id, dgnt_ref_param_name, dgnt_ref_param_code, equipment_type_id) VALUES (22, 'Допустимая температура по…', 'P_DT_TEMP_END', 55);
INSERT INTO kdbo.diagnostic_ref_param (diagnostic_ref_param_id, dgnt_ref_param_name, dgnt_ref_param_code, equipment_type_id) VALUES (21, 'Допустимая температура с…', 'P_DT_TEMP_BEG', 55);
INSERT INTO kdbo.diagnostic_ref_param (diagnostic_ref_param_id, dgnt_ref_param_name, dgnt_ref_param_code, equipment_type_id) VALUES (13, 'Допустимое соотношение невалидных данных ДУТ к всего полученным показаниям ДУТ.', 'P_DUT_INVALID_KOEFF', 3);
INSERT INTO kdbo.diagnostic_ref_param (diagnostic_ref_param_id, dgnt_ref_param_name, dgnt_ref_param_code, equipment_type_id) VALUES (14, 'Допустимые значения уровня топлива в литрах с…', 'P_DUT_LITER_BEG', 3);
INSERT INTO kdbo.diagnostic_ref_param (diagnostic_ref_param_id, dgnt_ref_param_name, dgnt_ref_param_code, equipment_type_id) VALUES (15, 'Допустимые значения уровня топлива в литрах по…', 'P_DUT_LITER_END', 3);
INSERT INTO kdbo.diagnostic_ref_param (diagnostic_ref_param_id, dgnt_ref_param_name, dgnt_ref_param_code, equipment_type_id) VALUES (18, 'Допустимая температура бака в Цельсиях с…', 'P_DUT_TEMP_TANK_BEG', 3);
INSERT INTO kdbo.diagnostic_ref_param (diagnostic_ref_param_id, dgnt_ref_param_name, dgnt_ref_param_code, equipment_type_id) VALUES (19, 'Допустимая температура бака в Цельсиях по…', 'P_DUT_TEMP_TANK_END', 3);
INSERT INTO kdbo.diagnostic_ref_param (diagnostic_ref_param_id, dgnt_ref_param_name, dgnt_ref_param_code, equipment_type_id) VALUES (1, 'Начать диагностику за … минут до планируемого выхода ТС на линию', 'P_BSNT_BEFORE_OUTPUT', 2);
INSERT INTO kdbo.diagnostic_ref_param (diagnostic_ref_param_id, dgnt_ref_param_name, dgnt_ref_param_code, equipment_type_id) VALUES (2, 'Регламентированное время ожидания пакета данных от блока', 'P_BSNT_TIME_WAIT_PACKET', 2);
INSERT INTO kdbo.diagnostic_ref_param (diagnostic_ref_param_id, dgnt_ref_param_name, dgnt_ref_param_code, equipment_type_id) VALUES (16, 'Допустимые значения уровня топлива в мм с…', 'P_DUT_MM_BEG', 3);
INSERT INTO kdbo.diagnostic_ref_param (diagnostic_ref_param_id, dgnt_ref_param_name, dgnt_ref_param_code, equipment_type_id) VALUES (17, 'Допустимые значения уровня топлива в мм по…', 'P_DUT_MM_END', 3);
INSERT INTO kdbo.diagnostic_ref_param (diagnostic_ref_param_id, dgnt_ref_param_name, dgnt_ref_param_code, equipment_type_id) VALUES (3, 'Допустимое количество подряд получаемых невалидных пакетов данных', 'P_BSNT_INVALID_PACKET', 2);
INSERT INTO kdbo.diagnostic_ref_param (diagnostic_ref_param_id, dgnt_ref_param_name, dgnt_ref_param_code, equipment_type_id) VALUES (5, 'Количество подряд получаемых валидных пакетов данных, после получения которых можно считать, что блок находится в Рабочем состоянии', 'P_BSNT_VALID_PACKET', 2);
INSERT INTO kdbo.diagnostic_ref_param (diagnostic_ref_param_id, dgnt_ref_param_name, dgnt_ref_param_code, equipment_type_id) VALUES (24, 'Начать диагностику за … минут до планируемого выхода ТС на линию', 'P_BSNR_BEFORE_OUTPUT', 9);
INSERT INTO kdbo.diagnostic_ref_param (diagnostic_ref_param_id, dgnt_ref_param_name, dgnt_ref_param_code, equipment_type_id) VALUES (25, 'Регламентированное время ожидания пакета данных от блока', 'P_BSNR_TIME_WAIT_PACKET', 9);
INSERT INTO kdbo.diagnostic_ref_param (diagnostic_ref_param_id, dgnt_ref_param_name, dgnt_ref_param_code, equipment_type_id) VALUES (26, 'Допустимое количество подряд получаемых невалидных пакетов данных', 'P_BSNR_INVALID_PACKET', 9);
INSERT INTO kdbo.diagnostic_ref_param (diagnostic_ref_param_id, dgnt_ref_param_name, dgnt_ref_param_code, equipment_type_id) VALUES (28, 'Количество подряд получаемых валидных пакетов данных, после получения которых можно считать, что блок находится в Рабочем состоянии', 'P_BSNR_VALID_PACKET', 9);
INSERT INTO kdbo.diagnostic_ref_param (diagnostic_ref_param_id, dgnt_ref_param_name, dgnt_ref_param_code, equipment_type_id) VALUES (29, 'Начать диагностику за … минут до планируемого выхода ТС на линию', 'P_KBTOB_BEFORE_OUTPUT', 10);
INSERT INTO kdbo.diagnostic_ref_param (diagnostic_ref_param_id, dgnt_ref_param_name, dgnt_ref_param_code, equipment_type_id) VALUES (30, 'Регламентированное время ожидания пакета данных от блока', 'P_KBTOB_TIME_WAIT_PACKET', 10);
INSERT INTO kdbo.diagnostic_ref_param (diagnostic_ref_param_id, dgnt_ref_param_name, dgnt_ref_param_code, equipment_type_id) VALUES (31, 'Соотношение невалидных показаний АСМПП к всего показаниям АСМПП больше допустимого', 'P_ASMPP_PERSENT_NOT_VALID', 4);
INSERT INTO kdbo.diagnostic_ref_param (diagnostic_ref_param_id, dgnt_ref_param_name, dgnt_ref_param_code, equipment_type_id) VALUES (32, 'Количество пакетов в выборке', 'P_BNST_PACKET_SEQ_SIZE', 2);
INSERT INTO kdbo.diagnostic_ref_param (diagnostic_ref_param_id, dgnt_ref_param_name, dgnt_ref_param_code, equipment_type_id) VALUES (4, 'Допустимое количество невалидных пакетов данных в выборке', 'P_BSNT_INVALID_PACKET_IN_SEQ', 2);
INSERT INTO kdbo.diagnostic_ref_param (diagnostic_ref_param_id, dgnt_ref_param_name, dgnt_ref_param_code, equipment_type_id) VALUES (33, 'Количество пакетов в выборке', 'P_BNSR_PACKET_SEQ_SIZE', 9);
INSERT INTO kdbo.diagnostic_ref_param (diagnostic_ref_param_id, dgnt_ref_param_name, dgnt_ref_param_code, equipment_type_id) VALUES (27, 'Допустимое количество невалидных пакетов данных в выборке', 'P_BSNR_INVALID_PACKET_IN_SEQ', 9);


INSERT INTO kdbo.diagnostic_ref (diagnostic_ref_id, diagnostic_ref_param_id, equipment_model_id, val, dt_create, is_deleted) VALUES (4, 23, 10, 5, '2017-07-26', false);
INSERT INTO kdbo.diagnostic_ref (diagnostic_ref_id, diagnostic_ref_param_id, equipment_model_id, val, dt_create, is_deleted) VALUES (7, 14, 13, 0, '2017-07-26', false);
INSERT INTO kdbo.diagnostic_ref (diagnostic_ref_id, diagnostic_ref_param_id, equipment_model_id, val, dt_create, is_deleted) VALUES (10, 13, 13, 20, '2017-07-26', false);
INSERT INTO kdbo.diagnostic_ref (diagnostic_ref_id, diagnostic_ref_param_id, equipment_model_id, val, dt_create, is_deleted) VALUES (11, 16, 13, 0, '2017-07-27', false);
INSERT INTO kdbo.diagnostic_ref (diagnostic_ref_id, diagnostic_ref_param_id, equipment_model_id, val, dt_create, is_deleted) VALUES (16, 1, 1, 15, '2017-07-31', false);
INSERT INTO kdbo.diagnostic_ref (diagnostic_ref_id, diagnostic_ref_param_id, equipment_model_id, val, dt_create, is_deleted) VALUES (19, 4, 1, 10, '2017-07-31', false);
INSERT INTO kdbo.diagnostic_ref (diagnostic_ref_id, diagnostic_ref_param_id, equipment_model_id, val, dt_create, is_deleted) VALUES (20, 5, 1, 5, '2017-07-31', false);
INSERT INTO kdbo.diagnostic_ref (diagnostic_ref_id, diagnostic_ref_param_id, equipment_model_id, val, dt_create, is_deleted) VALUES (21, 29, 6, 15, '2017-07-31', false);
INSERT INTO kdbo.diagnostic_ref (diagnostic_ref_id, diagnostic_ref_param_id, equipment_model_id, val, dt_create, is_deleted) VALUES (22, 30, 6, 10, '2017-07-31', false);
INSERT INTO kdbo.diagnostic_ref (diagnostic_ref_id, diagnostic_ref_param_id, equipment_model_id, val, dt_create, is_deleted) VALUES (23, 29, 5, 15, '2017-07-31', false);
INSERT INTO kdbo.diagnostic_ref (diagnostic_ref_id, diagnostic_ref_param_id, equipment_model_id, val, dt_create, is_deleted) VALUES (24, 30, 5, 10, '2017-07-31', false);
INSERT INTO kdbo.diagnostic_ref (diagnostic_ref_id, diagnostic_ref_param_id, equipment_model_id, val, dt_create, is_deleted) VALUES (25, 24, 17, 15, '2017-07-31', false);
INSERT INTO kdbo.diagnostic_ref (diagnostic_ref_id, diagnostic_ref_param_id, equipment_model_id, val, dt_create, is_deleted) VALUES (26, 25, 17, 15, '2017-07-31', false);
INSERT INTO kdbo.diagnostic_ref (diagnostic_ref_id, diagnostic_ref_param_id, equipment_model_id, val, dt_create, is_deleted) VALUES (27, 26, 17, 5, '2017-07-31', false);
INSERT INTO kdbo.diagnostic_ref (diagnostic_ref_id, diagnostic_ref_param_id, equipment_model_id, val, dt_create, is_deleted) VALUES (28, 27, 17, 10, '2017-07-31', false);
INSERT INTO kdbo.diagnostic_ref (diagnostic_ref_id, diagnostic_ref_param_id, equipment_model_id, val, dt_create, is_deleted) VALUES (29, 28, 17, 5, '2017-07-31', false);
INSERT INTO kdbo.diagnostic_ref (diagnostic_ref_id, diagnostic_ref_param_id, equipment_model_id, val, dt_create, is_deleted) VALUES (2, 21, 10, -20, '2017-07-26', false);
INSERT INTO kdbo.diagnostic_ref (diagnostic_ref_id, diagnostic_ref_param_id, equipment_model_id, val, dt_create, is_deleted) VALUES (3, 22, 10, 50, '2017-07-26', false);
INSERT INTO kdbo.diagnostic_ref (diagnostic_ref_id, diagnostic_ref_param_id, equipment_model_id, val, dt_create, is_deleted) VALUES (30, 8, 15, 0, '2017-07-31', false);
INSERT INTO kdbo.diagnostic_ref (diagnostic_ref_id, diagnostic_ref_param_id, equipment_model_id, val, dt_create, is_deleted) VALUES (31, 9, 15, 300, '2017-07-31', false);
INSERT INTO kdbo.diagnostic_ref (diagnostic_ref_id, diagnostic_ref_param_id, equipment_model_id, val, dt_create, is_deleted) VALUES (32, 6, 15, 0, '2017-07-31', false);
INSERT INTO kdbo.diagnostic_ref (diagnostic_ref_id, diagnostic_ref_param_id, equipment_model_id, val, dt_create, is_deleted) VALUES (33, 7, 15, 25, '2017-07-31', false);
INSERT INTO kdbo.diagnostic_ref (diagnostic_ref_id, diagnostic_ref_param_id, equipment_model_id, val, dt_create, is_deleted) VALUES (34, 31, 15, 10, '2017-07-31', false);
INSERT INTO kdbo.diagnostic_ref (diagnostic_ref_id, diagnostic_ref_param_id, equipment_model_id, val, dt_create, is_deleted) VALUES (38, 5, 2, 5, '2017-08-02', false);
INSERT INTO kdbo.diagnostic_ref (diagnostic_ref_id, diagnostic_ref_param_id, equipment_model_id, val, dt_create, is_deleted) VALUES (39, 32, 2, 100, '2017-08-02', false);
INSERT INTO kdbo.diagnostic_ref (diagnostic_ref_id, diagnostic_ref_param_id, equipment_model_id, val, dt_create, is_deleted) VALUES (40, 4, 2, 10, '2017-08-02', false);
INSERT INTO kdbo.diagnostic_ref (diagnostic_ref_id, diagnostic_ref_param_id, equipment_model_id, val, dt_create, is_deleted) VALUES (42, 9, 14, 300, '2017-08-02', false);
INSERT INTO kdbo.diagnostic_ref (diagnostic_ref_id, diagnostic_ref_param_id, equipment_model_id, val, dt_create, is_deleted) VALUES (5, 18, 13, 15, '2017-07-26', false);
INSERT INTO kdbo.diagnostic_ref (diagnostic_ref_id, diagnostic_ref_param_id, equipment_model_id, val, dt_create, is_deleted) VALUES (6, 19, 13, 20, '2017-07-26', false);
INSERT INTO kdbo.diagnostic_ref (diagnostic_ref_id, diagnostic_ref_param_id, equipment_model_id, val, dt_create, is_deleted) VALUES (8, 15, 13, 100, '2017-07-26', false);
INSERT INTO kdbo.diagnostic_ref (diagnostic_ref_id, diagnostic_ref_param_id, equipment_model_id, val, dt_create, is_deleted) VALUES (13, 6, 14, 10, '2017-07-27', false);
INSERT INTO kdbo.diagnostic_ref (diagnostic_ref_id, diagnostic_ref_param_id, equipment_model_id, val, dt_create, is_deleted) VALUES (14, 7, 14, 1, '2017-07-27', false);
INSERT INTO kdbo.diagnostic_ref (diagnostic_ref_id, diagnostic_ref_param_id, equipment_model_id, val, dt_create, is_deleted) VALUES (41, 8, 14, 10, '2017-08-02', false);
INSERT INTO kdbo.diagnostic_ref (diagnostic_ref_id, diagnostic_ref_param_id, equipment_model_id, val, dt_create, is_deleted) VALUES (15, 31, 14, 1, '2017-07-27', false);
INSERT INTO kdbo.diagnostic_ref (diagnostic_ref_id, diagnostic_ref_param_id, equipment_model_id, val, dt_create, is_deleted) VALUES (18, 3, 1, 2, '2017-07-31', false);
INSERT INTO kdbo.diagnostic_ref (diagnostic_ref_id, diagnostic_ref_param_id, equipment_model_id, val, dt_create, is_deleted) VALUES (37, 3, 2, 2, '2017-08-02', false);
INSERT INTO kdbo.diagnostic_ref (diagnostic_ref_id, diagnostic_ref_param_id, equipment_model_id, val, dt_create, is_deleted) VALUES (35, 1, 2, 10, '2017-08-02', false);
INSERT INTO kdbo.diagnostic_ref (diagnostic_ref_id, diagnostic_ref_param_id, equipment_model_id, val, dt_create, is_deleted) VALUES (43, 1, 3, 15, '2017-08-04', false);
INSERT INTO kdbo.diagnostic_ref (diagnostic_ref_id, diagnostic_ref_param_id, equipment_model_id, val, dt_create, is_deleted) VALUES (44, 2, 3, 15, '2017-08-04', false);
INSERT INTO kdbo.diagnostic_ref (diagnostic_ref_id, diagnostic_ref_param_id, equipment_model_id, val, dt_create, is_deleted) VALUES (45, 3, 3, 5, '2017-08-04', false);
INSERT INTO kdbo.diagnostic_ref (diagnostic_ref_id, diagnostic_ref_param_id, equipment_model_id, val, dt_create, is_deleted) VALUES (46, 5, 3, 5, '2017-08-04', false);
INSERT INTO kdbo.diagnostic_ref (diagnostic_ref_id, diagnostic_ref_param_id, equipment_model_id, val, dt_create, is_deleted) VALUES (47, 32, 3, 100, '2017-08-04', false);
INSERT INTO kdbo.diagnostic_ref (diagnostic_ref_id, diagnostic_ref_param_id, equipment_model_id, val, dt_create, is_deleted) VALUES (48, 4, 3, 10, '2017-08-04', false);
INSERT INTO kdbo.diagnostic_ref (diagnostic_ref_id, diagnostic_ref_param_id, equipment_model_id, val, dt_create, is_deleted) VALUES (49, 33, 17, 100, '2017-08-04', false);
INSERT INTO kdbo.diagnostic_ref (diagnostic_ref_id, diagnostic_ref_param_id, equipment_model_id, val, dt_create, is_deleted) VALUES (12, 17, 13, 1000, '2017-07-27', false);
INSERT INTO kdbo.diagnostic_ref (diagnostic_ref_id, diagnostic_ref_param_id, equipment_model_id, val, dt_create, is_deleted) VALUES (36, 2, 2, 10, '2017-08-02', false);
INSERT INTO kdbo.diagnostic_ref (diagnostic_ref_id, diagnostic_ref_param_id, equipment_model_id, val, dt_create, is_deleted) VALUES (17, 2, 1, 10, '2017-07-31', false);